{
    "B1855+09": [
        1.3966480446927374,
        0.23797634281077368,
        "PX"
    ],
    "B1937+21": [
        3.546099290780142,
        0.6413158291836427,
        "PX"
    ],
    "B1953+29": [
        4.642,
        0.9284000000000001,
        "DM"
    ],
    "J0023+0923": [
        1.824817518248175,
        0.4095849539133677,
        "PX"
    ],
    "J0030+0451": [
        0.3235198964736331,
        0.006175242281444306,
        "PX"
    ],
    "J0340+4130": [
        1.7115,
        0.34230000000000005,
        "DM"
    ],
    "J0613-0200": [
        1.0570824524312896,
        0.1273862574811491,
        "PX"
    ],
    "J0636+5128": [
        0.7272727272727273,
        0.12429752066115701,
        "PX"
    ],
    "J0645+5158": [
        1.1111111111111112,
        0.18518518518518517,
        "PX"
    ],
    "J0740+6620": [
        0.6758,
        0.13516,
        "DM"
    ],
    "J0931-1902": [
        1.8794,
        0.37588,
        "DM"
    ],
    "J1012+5307": [
        0.8257638315441783,
        0.051823328816975676,
        "PX"
    ],
    "J1024-0719": [
        1.0845986984815619,
        0.13763345739950406,
        "PX"
    ],
    "J1125+7819": [
        0.6538,
        0.13076000000000002,
        "DM"
    ],
    "J1453+1902": [
        1.1457,
        0.22914,
        "DM"
    ],
    "J1455-3330": [
        1.0101010101010102,
        0.2244668911335578,
        "PX"
    ],
    "J1600-3053": [
        1.9646365422396856,
        0.3126435361913842,
        "PX"
    ],
    "J1614-2230": [
        0.6896551724137931,
        0.026159334126040427,
        "PX"
    ],
    "J1640+2224": [
        1.1444,
        0.22888000000000003,
        "DM"
    ],
    "J1643-1224": [
        0.45454545454545453,
        0.08264462809917354,
        "PX"
    ],
    "J1713+0747": [
        1.1123470522803114,
        0.023509003329617258,
        "PX"
    ],
    "J1738+0333": [
        1.4705882352941175,
        0.10813148788927335,
        "PX"
    ],
    "J1741+1351": [
        2.358490566037736,
        0.617435030259879,
        "PX"
    ],
    "J1744-1134": [
        0.4203446826397646,
        0.01148482739452909,
        "PX"
    ],
    "J1747-4036": [
        3.5009,
        0.70018,
        "DM"
    ],
    "J1832-0836": [
        2.100840336134454,
        0.5737589153308383,
        "PX"
    ],
    "J1853+1303": [
        2.0825,
        0.41650000000000004,
        "DM"
    ],
    "J1903+0327": [
        6.4858,
        1.29716,
        "DM"
    ],
    "J1909-3744": [
        1.1695906432748537,
        0.01504736500119695,
        "PX"
    ],
    "J1910+1256": [
        2.3501,
        0.47002,
        "DM"
    ],
    "J1911+1347": [
        2.0753,
        0.41506,
        "DM"
    ],
    "J1918-0642": [
        1.1737089201877935,
        0.15291278185545196,
        "PX"
    ],
    "J1923+2515": [
        1.6342,
        0.32684,
        "DM"
    ],
    "J1944+0907": [
        1.7993,
        0.35986,
        "DM"
    ],
    "J2010-1323": [
        2.450980392156863,
        0.7148692810457518,
        "PX"
    ],
    "J2017+0603": [
        1.5725,
        0.3145,
        "DM"
    ],
    "J2033+1734": [
        1.9894,
        0.39788,
        "DM"
    ],
    "J2043+1711": [
        1.3869625520110958,
        0.11926723748223014,
        "PX"
    ],
    "J2145-0750": [
        0.6361323155216285,
        0.02266120207965089,
        "PX"
    ],
    "J2214+3000": [
        1.5359,
        0.30718,
        "DM"
    ],
    "J2229+2643": [
        1.4286,
        0.28572000000000003,
        "DM"
    ],
    "J2234+0611": [
        1.1933174224343677,
        0.14524866000991107,
        "PX"
    ],
    "J2234+0944": [
        0.9986,
        0.19972,
        "DM"
    ],
    "J2302+4442": [
        1.1832,
        0.23664000000000002,
        "DM"
    ],
    "J2317+1439": [
        1.6207455429497568,
        0.2075184730843287,
        "PX"
    ]
}